{"cameraMode":{"drawMode":0,"name":"Shaded","section":"Shading Mode"},"sceneLighting":true,"audioPlay":false,"sceneViewState":{"showFog":true,"showMaterialUpdate":false,"showSkybox":true,"showFlares":true,"showImageEffects":true,"showParticleSystems":true,"showVisualEffectGraphs":true,"m_FxEnabled":true},"in2DMode":false,"pivot":{"x":10.31045913696289,"y":9.770329475402832,"z":19.676250457763673},"rotation":{"x":0.05665620043873787,"y":-0.9087675213813782,"z":0.12740500271320344,"w":0.39464354515075686},"size":0.07709579169750214,"orthographic":false}