{"cameraMode":{"drawMode":0,"name":"Shaded","section":"Shading Mode"},"sceneLighting":true,"audioPlay":false,"sceneViewState":{"showFog":true,"showMaterialUpdate":false,"showSkybox":true,"showFlares":true,"showImageEffects":true,"showParticleSystems":true,"showVisualEffectGraphs":true,"m_FxEnabled":true},"in2DMode":false,"pivot":{"x":-1.0687445402145386,"y":1.9273037910461426,"z":13.561078071594239},"rotation":{"x":-0.1277773380279541,"y":0.13606908917427064,"z":-0.017595741897821428,"w":-0.9825056195259094},"size":0.4143408536911011,"orthographic":false}