{"cameraMode":{"drawMode":0,"name":"Shaded","section":"Shading Mode"},"sceneLighting":true,"audioPlay":false,"sceneViewState":{"showFog":true,"showMaterialUpdate":false,"showSkybox":true,"showFlares":true,"showImageEffects":true,"showParticleSystems":true,"showVisualEffectGraphs":true,"m_FxEnabled":true},"in2DMode":false,"pivot":{"x":0.6503090262413025,"y":0.6625359058380127,"z":0.1020263209939003},"rotation":{"x":0.016601936891674997,"y":-0.9638954997062683,"z":0.2593146562576294,"w":0.06139655411243439},"size":0.7696430683135986,"orthographic":false}