{"cameraMode":{"drawMode":0,"name":"Shaded","section":"Shading Mode"},"sceneLighting":false,"audioPlay":false,"sceneViewState":{"showFog":true,"showMaterialUpdate":false,"showSkybox":false,"showFlares":true,"showImageEffects":true,"showParticleSystems":true,"showVisualEffectGraphs":true,"m_FxEnabled":true},"in2DMode":false,"pivot":{"x":-0.0626230537891388,"y":0.1719544231891632,"z":-0.45772266387939455},"rotation":{"x":-0.10658404976129532,"y":-0.030634861439466478,"z":0.00421464117243886,"w":-0.9943321347236633},"size":0.7071067690849304,"orthographic":false}