{"cameraMode":{"drawMode":0,"name":"Shaded","section":"Shading Mode"},"sceneLighting":false,"audioPlay":false,"sceneViewState":{"showFog":true,"showMaterialUpdate":false,"showSkybox":false,"showFlares":true,"showImageEffects":true,"showParticleSystems":true,"showVisualEffectGraphs":true,"m_FxEnabled":true},"in2DMode":false,"pivot":{"x":0.14966852962970735,"y":0.5044406652450562,"z":-0.10764878243207932},"rotation":{"x":-0.1867164820432663,"y":-0.008190002292394638,"z":0.001856559538282454,"w":-0.9824813008308411},"size":0.5752744078636169,"orthographic":false}